VideoID,Video,ClassID
0,drink/310ToYuma_drink_h_cm_np1_le_goo_3.avi,0
1,drink/310ToYuma_drink_h_nm_np1_fr_goo_2.avi,0
2,drink/310ToYuma_drink_u_nm_np1_le_goo_5.avi,0
3,drink/A_Beautiful_Mind_1_drink_u_cm_np1_fr_goo_4.avi,0
4,drink/A_Beautiful_Mind_1_drink_u_nm_np1_ri_goo_6.avi,0
5,drink/AllThePresidentMen_drink_f_nm_np2_ri_med_2.avi,0
6,drink/AllThePresidentMen_drink_h_nm_np1_fr_goo_5.avi,0
7,drink/AmericanGangster_drink_h_nm_np1_fr_goo_17.avi,0
8,drink/AmericanGangster_drink_h_nm_np1_fr_goo_69.avi,0
9,drink/AmericanGangster_drink_h_nm_np1_fr_med_28.avi,0
10,drink/AmericanGangster_drink_h_nm_np1_ri_bad_4.avi,0
11,drink/AmericanGangster_drink_h_nm_np1_ri_med_3.avi,0
12,drink/AmericanGangster_drink_u_cm_np1_fr_med_52.avi,0
13,drink/AmericanGangster_drink_u_nm_np1_fr_goo_44.avi,0
14,drink/AmericanGangster_drink_u_nm_np1_fr_goo_67.avi,0
15,drink/AmericanGangster_drink_u_nm_np1_fr_med_39.avi,0
16,drink/AmericanGangster_drink_u_nm_np1_le_goo_46.avi,0
17,drink/BATMAN_BEGINS_drink_h_nm_np1_fr_goo_13.avi,0
18,drink/BATMAN_BEGINS_drink_u_nm_np1_fr_goo_12.avi,0
19,drink/BLACK_HAWK_DOWN_drink_h_nm_np1_fr_goo_39.avi,0
20,drink/BLACK_HAWK_DOWN_drink_u_nm_np1_fr_goo_38.avi,0
21,drink/CharlieAndTheChocolateFactory_drink_h_nm_np1_fr_goo_25.avi,0
22,drink/ChildrenOfMen_drink_u_nm_np1_fr_goo_0.avi,0
23,drink/EasternPromises_drink_u_nm_np1_ri_goo_0.avi,0
24,drink/GoneBabyGone_drink_h_cm_np1_fr_goo_1.avi,0
25,drink/GoneBabyGone_drink_u_cm_np1_le_med_2.avi,0
26,drink/Hitch_Part_2_drink_h_nm_np1_le_goo_5.avi,0
27,drink/IamLegend_drink_h_nm_np1_fr_goo_22.avi,0
28,drink/Italian_Job_4_drink_u_nm_np1_fr_goo_0.avi,0
29,drink/Juno_drink_h_nm_np1_fr_goo_0.avi,0
30,drink/LONGESTYARD_drink_u_cm_np1_fr_goo_1.avi,0
31,drink/LONGESTYARD_drink_u_cm_np1_fr_med_20.avi,0
32,drink/LittleChildren_drink_h_nm_np1_fr_goo_6.avi,0
33,drink/MeettheParents_drink_u_nm_np1_fr_goo_4.avi,0
34,drink/OldSchool_drink_h_nm_np1_fr_goo_4.avi,0
35,drink/OldSchool_drink_u_nm_np1_fr_goo_12.avi,0
36,drink/Pirates_1_drink_u_nm_np1_fr_goo_0.avi,0
37,drink/RATRACE_drink_h_nm_np1_fr_goo_0.avi,0
38,drink/RATRACE_drink_h_nm_np1_fr_goo_11.avi,0
39,drink/RATRACE_drink_u_nm_np1_ri_goo_5.avi,0
40,drink/RATRACE_drink_u_nm_np1_ri_med_19.avi,0
41,drink/RETURN_OF_THE_KING_drink_f_nm_np1_fr_med_9.avi,0
42,drink/RETURN_OF_THE_KING_drink_h_nm_np1_ri_goo_13.avi,0
43,drink/RETURN_OF_THE_KING_drink_h_nm_np1_ri_goo_47.avi,0
44,drink/RETURN_OF_THE_KING_drink_u_cm_np2_fr_goo_2.avi,0
45,drink/Return_of_the_King_2_drink_h_nm_np1_fr_goo_2.avi,0
46,drink/Return_of_the_King_2_drink_h_nm_np1_fr_goo_3.avi,0
47,drink/Return_of_the_King_2_drink_h_nm_np1_fr_goo_5.avi,0
48,drink/Return_of_the_King_5_drink_h_nm_np1_ri_goo_0.avi,0
49,drink/Shadow_of_a_Doubt_drink_h_nm_np1_fr_goo_8.avi,0
50,drink/SocialSeminarChanging_drink_h_cm_np1_fr_med_0.avi,0
51,drink/SocialSeminarTom_drink_h_nm_np1_fr_goo_0.avi,0
52,drink/SweeneyTodd_drink_u_cm_np1_le_med_22.avi,0
53,drink/SweeneyTodd_drink_u_nm_np1_fr_goo_26.avi,0
54,drink/TheBoondockSaints_drink_h_nm_np1_ri_med_16.avi,0
55,drink/TheBoondockSaints_drink_u_nm_np1_fr_med_80.avi,0
56,drink/TheBoondockSaints_drink_u_nm_np2_fr_goo_99.avi,0
57,drink/TheLastManOnearth_drink_f_cm_np1_ri_med_12.avi,0
58,drink/TheLastManOnearth_drink_u_nm_np1_fr_goo_7.avi,0
59,drink/TheLastManOnearth_drink_u_nm_np1_fr_med_34.avi,0
60,drink/ThePerfectScore_drink_u_cm_np1_fr_goo_5.avi,0
61,drink/TheRoyalTenenbaums_drink_u_nm_np1_le_goo_1.avi,0
62,drink/The_Departed_-_Part_1_drink_u_nm_np1_fr_goo_7.avi,0
63,drink/The_House_on_Haunted_Hill_drink_h_nm_np1_fr_goo_1.avi,0
64,drink/The_House_on_Haunted_Hill_drink_h_nm_np1_fr_goo_3.avi,0
65,drink/TrumanShow_drink_h_nm_np1_ri_goo_22.avi,0
66,drink/Veoh_Alpha_Dog_1_drink_h_nm_np1_fr_goo_61.avi,0
67,drink/Veoh_Alpha_Dog_1_drink_u_nm_np1_fr_goo_40.avi,0
68,drink/Veoh_Alpha_Dog_2_drink_u_nm_np1_fr_goo_5.avi,0
69,drink/WeddingCrashers_drink_h_cm_np1_le_goo_5.avi,0
70,jump/A_Beautiful_Mind_1_jump_f_cm_np1_ba_bad_3.avi,1
71,jump/Arrasando_no_Le_Parkour_jump_f_cm_np1_le_bad_0.avi,1
72,jump/Arrasando_no_Le_Parkour_jump_f_cm_np1_ri_bad_1.avi,1
73,jump/Arrasando_no_Le_Parkour_jump_f_nm_np1_le_med_2.avi,1
74,jump/Arrasando_no_Le_Parkour_jump_f_nm_np1_ri_med_3.avi,1
75,jump/BLACK_HAWK_DOWN_jump_f_cm_np1_ri_bad_9.avi,1
76,jump/CharlieAndTheChocolateFactory_jump_f_nm_np1_fr_bad_5.avi,1
77,jump/Documentario_Le_Parkour_Londrina_jump_f_cm_np1_ba_bad_12.avi,1
78,jump/Documentario_Le_Parkour_Londrina_jump_f_cm_np1_fr_bad_10.avi,1
79,jump/Documentario_Le_Parkour_Londrina_jump_f_cm_np1_le_bad_11.avi,1
80,jump/Documentario_Le_Parkour_Londrina_jump_f_cm_np1_ri_bad_5.avi,1
81,jump/Documentario_Le_Parkour_Londrina_jump_f_cm_np1_ri_bad_6.avi,1
82,jump/Documentario_Le_Parkour_Londrina_jump_f_nm_np1_ba_bad_1.avi,1
83,jump/Documentario_Le_Parkour_Londrina_jump_f_nm_np1_le_bad_8.avi,1
84,jump/Documentario_Le_Parkour_Londrina_jump_f_nm_np1_ri_bad_2.avi,1
85,jump/Documentario_Le_Parkour_Londrina_jump_f_nm_np1_ri_bad_4.avi,1
86,jump/Documentario_Le_Parkour_Londrina_jump_f_nm_np1_ri_bad_7.avi,1
87,jump/Fellowship_5_jump_f_nm_np1_fr_bad_10.avi,1
88,jump/Fellowship_5_jump_f_nm_np1_ri_bad_11.avi,1
89,jump/Fellowship_7_jump_f_cm_np1_fr_bad_1.avi,1
90,jump/Goalkeeper_Felix_Schwake_jump_f_cm_np1_le_bad_5.avi,1
91,jump/Goalkeeper_Felix_Schwake_jump_f_cm_np1_le_bad_6.avi,1
92,jump/Goalkeeper_Felix_Schwake_jump_f_cm_np1_ri_bad_0.avi,1
93,jump/Goalkeeper_Felix_Schwake_jump_f_cm_np1_ri_bad_1.avi,1
94,jump/Goalkeeper_Felix_Schwake_jump_f_cm_np1_ri_bad_2.avi,1
95,jump/Goalkeeper_Felix_Schwake_jump_f_nm_np1_ri_bad_3.avi,1
96,jump/Gregoire_Airman_showreel_2008_jump_f_cm_np1_ba_bad_1.avi,1
97,jump/Gregoire_Airman_showreel_2008_jump_f_cm_np1_le_bad_0.avi,1
98,jump/Gregoire_Airman_showreel_2008_jump_f_cm_np1_le_bad_2.avi,1
99,jump/Gregoire_Airman_showreel_2008_jump_f_cm_np1_le_bad_4.avi,1
100,jump/Gregoire_Airman_showreel_2008_jump_f_cm_np1_ri_bad_5.avi,1
101,jump/Gregoire_Airman_showreel_2008_jump_f_cm_np1_ri_bad_6.avi,1
102,jump/HeavyHouse_jump_h_cm_np1_fr_bad_0.avi,1
103,jump/IamLegend_jump_f_cm_np1_ba_bad_12.avi,1
104,jump/KUNG_FU_HUSTLE_jump_f_cm_np1_fr_bad_16.avi,1
105,jump/KUNG_FU_HUSTLE_jump_f_cm_np1_fr_bad_55.avi,1
106,jump/KUNG_FU_HUSTLE_jump_f_nm_np1_fr_bad_38.avi,1
107,jump/Le_Parkour_TVCA_esporte_jump_f_cm_np1_fr_bad_1.avi,1
108,jump/New_polish_best_goalkeeper_-_FC_Barcelona_jump_f_cm_np1_le_bad_0.avi,1
109,jump/RATRACE_jump_f_cm_np1_fr_bad_38.avi,1
110,jump/RATRACE_jump_f_cm_np1_fr_bad_39.avi,1
111,jump/RATRACE_jump_f_cm_np1_fr_bad_40.avi,1
112,jump/RATRACE_jump_f_nm_np1_ba_bad_30.avi,1
113,jump/Return_of_the_King_12_jump_f_nm_np2_fr_bad_2.avi,1
114,jump/Return_of_the_King_7_jump_f_cm_np1_ri_bad_0.avi,1
115,jump/RushHour2_jump_h_nm_np1_ba_bad_8.avi,1
116,jump/Sam_Cooksey_Goalkeeper_Training_jump_f_cm_np1_le_bad_10.avi,1
117,jump/Sam_Cooksey_Goalkeeper_Training_jump_f_cm_np1_le_bad_11.avi,1
118,jump/Sam_Cooksey_Goalkeeper_Training_jump_f_cm_np1_le_bad_3.avi,1
119,jump/Sam_Cooksey_Goalkeeper_Training_jump_f_cm_np1_le_bad_8.avi,1
120,jump/Sam_Cooksey_Goalkeeper_Training_jump_f_cm_np1_ri_bad_1.avi,1
121,jump/Sam_Cooksey_Goalkeeper_Training_jump_f_cm_np1_ri_bad_5.avi,1
122,jump/Sam_Cooksey_Goalkeeper_Training_jump_f_cm_np1_ri_bad_6.avi,1
123,jump/Sam_Cooksey_Goalkeeper_Training_jump_f_cm_np1_ri_bad_7.avi,1
124,jump/Sommerland_Syd_sprung_in_den_tod_jump_f_cm_np1_fr_bad_0.avi,1
125,jump/THE_PROTECTOR_jump_f_cm_np1_ba_bad_30.avi,1
126,jump/THE_PROTECTOR_jump_f_cm_np1_fr_bad_29.avi,1
127,jump/THE_PROTECTOR_jump_f_nm_np1_ba_bad_64.avi,1
128,jump/THE_PROTECTOR_jump_f_nm_np1_fr_bad_95.avi,1
129,jump/THE_PROTECTOR_jump_f_nm_np1_fr_bad_96.avi,1
130,jump/TheBoondockSaints_jump_f_cm_np1_ba_bad_67.avi,1
131,jump/TheBoondockSaints_jump_u_cm_np1_fr_bad_83.avi,1
132,jump/TheBoondockSaints_jump_u_cm_np1_ri_bad_127.avi,1
133,jump/happy_go_lovely_jump_f_cm_np1_fr_bad_20.avi,1
134,jump/le_parkour_kl_jump_f_nm_np1_le_bad_3.avi,1
135,jump/likebeckam_jump_l_cm_np1_ri_bad_17.avi,1
136,jump/prelinger_ControlY1950_jump_f_nm_np1_fr_bad_13.avi,1
137,jump/prelinger_ControlY1950_jump_f_nm_np1_fr_bad_6.avi,1
138,jump/prelinger_ControlY1950_jump_f_nm_np1_fr_bad_7.avi,1
139,jump/prelinger_ControlY1950_jump_f_nm_np1_fr_med_12.avi,1
140,pick/#122_Cleaning_Up_The_Beach_In_Chiba__Japan_pick_f_nm_np1_fr_bad_1.avi,2
141,pick/#122_Cleaning_Up_The_Beach_In_Chiba__Japan_pick_f_nm_np1_le_bad_2.avi,2
142,pick/#122_Cleaning_Up_The_Beach_In_Chiba__Japan_pick_f_nm_np1_ri_bad_0.avi,2
143,pick/AboutABoy_pick_h_nm_np1_le_goo_9.avi,2
144,pick/BuriedTreasure_pick_u_cm_np1_le_goo_1.avi,2
145,pick/Catch_Me_If_You_Can_pick_f_cm_np1_ri_med_5.avi,2
146,pick/Collecting_litter_on_the_woodland_ground_surface_pick_f_nm_np1_fr_med_0.avi,2
147,pick/Derren_Brown_-_Abondoned_Wallet_Trick_pick_f_cm_np1_le_med_0.avi,2
148,pick/Die_Pfandpiraten_Doku_pick_f_cm_np1_ba_med_1.avi,2
149,pick/Die_Pfandpiraten_Doku_pick_f_cm_np1_ba_med_2.avi,2
150,pick/Die_Pfandpiraten_Doku_pick_f_cm_np1_le_med_0.avi,2
151,pick/Dollar_Prank_at_Wally_World_pick_f_nm_np1_fr_med_0.avi,2
152,pick/Dollar_Prank_at_Wally_World_pick_f_nm_np1_le_med_1.avi,2
153,pick/Dollar_Prank_at_Wally_World_pick_f_nm_np1_le_med_2.avi,2
154,pick/EverythingisIlluminated_pick_u_cm_np1_ba_goo_3.avi,2
155,pick/Fishing_For_People_pick_f_cm_np1_fr_med_3.avi,2
156,pick/Fishing_For_People_pick_f_cm_np1_ri_med_2.avi,2
157,pick/Fishing_For_People_pick_f_cm_np1_ri_med_5.avi,2
158,pick/Fishing_For_People_pick_f_cm_np2_le_med_4.avi,2
159,pick/Fishing_For_People_pick_f_cm_np2_ri_med_1.avi,2
160,pick/Fishing_For_People_pick_f_nm_np2_ba_med_0.avi,2
161,pick/Flaschenrolf_auf_Tour_pick_f_cm_np1_ba_bad_0.avi,2
162,pick/Flaschenrolf_auf_Tour_pick_u_cm_np1_ba_bad_1.avi,2
163,pick/GardenWiseB256kb_pick_f_nm_np1_le_med_0.avi,2
164,pick/Gattaca_pick_f_nm_np1_fr_med_1.avi,2
165,pick/Gattaca_pick_f_nm_np1_ri_med_0.avi,2
166,pick/IamLegendII_pick_u_cm_np1_fr_med_2.avi,2
167,pick/IamLegendII_pick_u_cm_np1_le_med_3.avi,2
168,pick/IamLegendII_pick_u_nm_np1_fr_bad_0.avi,2
169,pick/IamLegendII_pick_u_nm_np1_fr_med_1.avi,2
170,pick/Juno_pick_u_cm_np1_le_bad_9.avi,2
171,pick/Juno_pick_u_nm_np1_fr_goo_2.avi,2
172,pick/M_ll_sammeln_pick_f_cm_np1_fr_bad_0.avi,2
173,pick/Magic_Boys-_Der_Portmonai_Trick_pick_l_nm_np1_ri_med_0.avi,2
174,pick/Mushroom_search_pick_f_cm_np2_le_med_0.avi,2
175,pick/NH_gun_owners_react_to_detention_with_armed_litter_pickup_pick_f_cm_np1_ba_med_0.avi,2
176,pick/NH_gun_owners_react_to_detention_with_armed_litter_pickup_pick_f_cm_np3_ba_bad_1.avi,2
177,pick/NH_gun_owners_react_to_detention_with_armed_litter_pickup_pick_u_cm_np1_ba_med_2.avi,2
178,pick/NH_open_carry_litter_pickup_spurs_stunning_encountrs__1_of_2_pick_f_cm_np1_fr_med_0.avi,2
179,pick/NoCountryForOldMen_pick_u_nm_np1_le_goo_0.avi,2
180,pick/Pick_Up_The_Phone_pick_u_nm_np1_fr_med_0.avi,2
181,pick/Pick_Up_Your_Trash!_pick_f_cm_np1_ba_med_1.avi,2
182,pick/Pick_Up_Your_Trash!_pick_f_cm_np1_le_med_0.avi,2
183,pick/Pilzesuchen_pick_f_cm_np1_fr_med_0.avi,2
184,pick/Portemonnaie-Trick_Openair_Lumnezia_2008_Nr__2_pick_f_cm_np2_fr_med_0.avi,2
185,pick/Prelinger_ActYourA1949_pick_u_nm_np1_ri_med_14.avi,2
186,pick/Prelinger_HabitPat1954_pick_f_cm_np1_fr_med_28.avi,2
187,pick/Prelinger_HabitPat1954_pick_u_nm_np1_le_med_9.avi,2
188,pick/Rent_a_Pocher_Beim_Pilze_sammeln_Oliver_Pocher_pick_f_cm_np2_fr_med_0.avi,2
189,pick/RushHour2_pick_u_nm_np1_le_med_7.avi,2
190,pick/Search_and_Identify_Golf_Ball_-_www_mulliganplus_com_pick_f_nm_np1_le_goo_0.avi,2
191,pick/Sixthsense_pick_h_nm_np1_fr_goo_1.avi,2
192,pick/SoundAndTheStory_pick_u_nm_np1_le_med_3.avi,2
193,pick/Torwarttraining_-_Impressionen_vom_1__FFC_Frankfurt_pick_f_cm_np1_fr_goo_3.avi,2
194,pick/Yep__I_m_picking_up_trash_today_pick_f_cm_np1_fr_med_1.avi,2
195,pick/Yep__I_m_picking_up_trash_today_pick_f_cm_np1_ri_med_0.avi,2
196,pick/americanthrift1_pick_u_cm_np1_fr_med_1.avi,2
197,pick/americanthrift2_pick_u_cm_np1_ri_med_1.avi,2
198,pick/americanthrift2_pick_u_nm_np1_ri_med_2.avi,2
199,pick/garbage_men_pick_f_cm_np1_ri_med_0.avi,2
200,pick/garbage_men_pick_f_cm_np1_ri_med_1.avi,2
201,pick/garbage_men_pick_f_cm_np1_ri_med_2.avi,2
202,pick/pick_up_trash_says_yeti_pick_f_cm_np1_le_med_1.avi,2
203,pick/pick_up_trash_says_yeti_pick_f_cm_np1_le_med_2.avi,2
204,pick/pick_up_trash_says_yeti_pick_f_cm_np1_ri_med_0.avi,2
205,pick/prelinger_LetsBeGo1953_pick_f_cm_np1_fr_med_8.avi,2
206,pick/prelinger_LetsBeGo1953_pick_f_nm_np1_ri_med_12.avi,2
207,pick/prelinger_TowardEm1954_pick_u_cm_np1_le_goo_5.avi,2
208,pick/prelinger_they_grow_up_so_fast_1_pick_f_nm_np1_fr_med_10.avi,2
209,pick/prelinger_they_grow_up_so_fast_1_pick_u_nm_np1_ri_med_1.avi,2
210,pour/Bar_Basics_-_How_to_Pour_Liquor_Accurately_by_Counting_pour_u_cm_np1_fr_med_0.avi,3
211,pour/Bar_Basics_-_How_to_Pour_Liquor_Accurately_by_Counting_pour_u_cm_np1_fr_med_1.avi,3
212,pour/Bar_Basics_-_How_to_Pour_Liquor_Accurately_by_Counting_pour_u_cm_np1_fr_med_2.avi,3
213,pour/Bartender_School_Students_Practice_pour_u_cm_np1_fr_med_1.avi,3
214,pour/Bartender_School_Students_Practice_pour_u_cm_np1_fr_med_3.avi,3
215,pour/Bartender_School_Students_Practice_pour_u_cm_np6_le_med_0.avi,3
216,pour/Bayerisch_leben-_Weissbier_richtig_eingeschenkt_pour_u_nm_np1_fr_med_0.avi,3
217,pour/Become_a_Professional_Bartender_pour_u_cm_np1_fr_med_0.avi,3
218,pour/Become_a_Professional_Bartender_pour_u_cm_np1_fr_med_1.avi,3
219,pour/Become_a_Professional_Bartender_pour_u_cm_np1_fr_med_2.avi,3
220,pour/Bier_richtig_einschenken_pour_u_cm_np1_fr_med_0.avi,3
221,pour/Bier_richtig_einschenken_pour_u_cm_np1_fr_med_1.avi,3
222,pour/Bottoms_Up_-_Bartending_Lesson__The_Margarita!_pour_u_nm_np1_fr_goo_0.avi,3
223,pour/Bottoms_Up_-_Bartending_Lesson__The_Margarita!_pour_u_nm_np1_fr_goo_2.avi,3
224,pour/Cachaca_cocktails_pour_u_nm_np1_fr_med_0.avi,3
225,pour/Cachaca_cocktails_pour_u_nm_np1_fr_med_1.avi,3
226,pour/Cachaca_cocktails_pour_u_nm_np1_fr_med_2.avi,3
227,pour/Cocktail_Pouring_pour_u_nm_np2_ri_med_0.avi,3
228,pour/Drink_#18_-_Apple_martini_pour_u_nm_np1_fr_goo_0.avi,3
229,pour/Drink_#18_-_Apple_martini_pour_u_nm_np1_fr_goo_1.avi,3
230,pour/Drink_#18_-_Apple_martini_pour_u_nm_np1_fr_goo_2.avi,3
231,pour/Gaiwan_tea_ceremony_pour_u_cm_np1_fr_med_0.avi,3
232,pour/Gaiwan_tea_ceremony_pour_u_cm_np1_fr_med_2.avi,3
233,pour/How_To_Pour_Ice_Tea_pour_u_nm_np1_fr_med_0.avi,3
234,pour/How_To_Pour_Ice_Tea_pour_u_nm_np1_fr_med_1.avi,3
235,pour/How_To_Pour_Ice_Tea_pour_u_nm_np1_fr_med_2.avi,3
236,pour/How_To_Pour_a_Franziskaner_pour_u_cm_np1_fr_med_0.avi,3
237,pour/How_To_Pour_a_Franziskaner_pour_u_cm_np1_fr_med_1.avi,3
238,pour/How_to_Build_a_Cocktail_pour_u_nm_np1_fr_med_0.avi,3
239,pour/How_to_Build_a_Cocktail_pour_u_nm_np1_fr_med_2.avi,3
240,pour/How_to_pour_beer_pour_u_nm_np1_fr_goo_0.avi,3
241,pour/How_to_pour_wine_Bar_Basics_5_Bartending_tips_-_Rockstar_Bartender_pour_u_nm_np1_fr_med_0.avi,3
242,pour/Intro_to_Bartending_-_Lesson_2-Highball_Drinks_pour_u_nm_np1_ri_med_0.avi,3
243,pour/Intro_to_Bartending_-_Lesson_2-Highball_Drinks_pour_u_nm_np1_ri_med_1.avi,3
244,pour/Intro_to_Bartending_-_Lesson_2-Highball_Drinks_pour_u_nm_np1_ri_med_2.avi,3
245,pour/Kamikaze_Martini_Coctail_pour_u_nm_np1_fr_med_0.avi,3
246,pour/Kamikaze_Martini_Coctail_pour_u_nm_np1_fr_med_1.avi,3
247,pour/Kamikaze_Martini_Coctail_pour_u_nm_np1_fr_med_2.avi,3
248,pour/Katie_teaching_how_to_pour_wine_pour_u_cm_np1_fr_med_0.avi,3
249,pour/Mixing_Popular_Rum_Drinks_-_Making_a_Flaming_Zombie_Cocktail_pour_u_nm_np1_fr_goo_0.avi,3
250,pour/Mixing_Popular_Rum_Drinks_-_Making_a_Flaming_Zombie_Cocktail_pour_u_nm_np1_fr_goo_1.avi,3
251,pour/Mixing_Popular_Rum_Drinks_-_Making_a_Flaming_Zombie_Cocktail_pour_u_nm_np1_fr_goo_2.avi,3
252,pour/New_Orleans__best_cocktails-_Hot_Buttered_Rum_pour_u_nm_np1_fr_med_0.avi,3
253,pour/New_Orleans__best_cocktails-_Hot_Buttered_Rum_pour_u_nm_np1_fr_med_1.avi,3
254,pour/New_Orleans__best_cocktails-_Hot_Buttered_Rum_pour_u_nm_np1_fr_med_2.avi,3
255,pour/Rum_Mixed_Drinks-_Part_4_-_How_to_Make_the_Cuba_Libre_Mixed_Drink_pour_u_nm_np1_fr_goo_0.avi,3
256,pour/Rum_Mixed_Drinks-_Part_4_-_How_to_Make_the_Cuba_Libre_Mixed_Drink_pour_u_nm_np1_fr_goo_1.avi,3
257,pour/Rum_Mixed_Drinks-_Part_4_-_How_to_Make_the_Cuba_Libre_Mixed_Drink_pour_u_nm_np1_fr_goo_2.avi,3
258,pour/Spectacular_tea_pouring_pour_u_cm_np1_ri_med_0.avi,3
259,pour/Spectacular_tea_pouring_pour_u_cm_np1_ri_med_1.avi,3
260,pour/Spectacular_tea_pouring_pour_u_cm_np1_ri_med_2.avi,3
261,pour/Spirit_Pouring_pour_u_nm_np1_fr_goo_0.avi,3
262,pour/Spirit_Pouring_pour_u_nm_np1_fr_goo_1.avi,3
263,pour/Spirit_Pouring_pour_u_nm_np1_fr_goo_2.avi,3
264,pour/Tequila_Sunrise_pour_u_cm_np1_le_med_0.avi,3
265,pour/Tequila_Sunrise_pour_u_cm_np1_le_med_1.avi,3
266,pour/Traditional_Chinese_Tea_Ceremony_(Chinese)_pour_u_cm_np1_fr_med_0.avi,3
267,pour/Traditional_Chinese_Tea_Ceremony_(Chinese)_pour_u_cm_np1_fr_med_1.avi,3
268,pour/Traditional_Chinese_Tea_Ceremony_(Chinese)_pour_u_cm_np1_fr_med_2.avi,3
269,pour/Traditional_chinese_tea_ceremony_pour_u_cm_np1_fr_goo_0.avi,3
270,pour/Traditional_chinese_tea_ceremony_pour_u_cm_np1_fr_goo_1.avi,3
271,pour/Traditional_chinese_tea_ceremony_pour_u_cm_np1_fr_goo_2.avi,3
272,pour/Video_Bartending_Guide_-_Kamikaze_Shot_Recipe_-_Vodka_Shots_pour_u_nm_np1_fr_med_0.avi,3
273,pour/Video_Bartending_Guide_-_Kamikaze_Shot_Recipe_-_Vodka_Shots_pour_u_nm_np1_fr_med_1.avi,3
274,pour/_Art_of_the_Drink__Flaming_Zombie_pour_u_nm_np2_fr_med_0.avi,3
275,pour/_Art_of_the_Drink__Flaming_Zombie_pour_u_nm_np2_fr_med_1.avi,3
276,pour/crazy_german_guy_shows_how_do_they_pour_a_wheat_beer_pour_u_cm_np1_fr_goo_0.avi,3
277,pour/crazy_german_guy_shows_how_do_they_pour_a_wheat_beer_pour_u_cm_np1_fr_goo_1.avi,3
278,pour/crazy_german_guy_shows_how_do_they_pour_a_wheat_beer_pour_u_cm_np1_fr_goo_2.avi,3
279,pour/prelinger_LetsPlay1949_pour_u_nm_np1_fr_goo_15.avi,3
280,push/Alexander_pushing_the_table_push_f_cm_np1_ba_bad_1.avi,4
281,push/Alexander_pushing_the_table_push_f_cm_np1_le_bad_0.avi,4
282,push/Alexander_pushing_the_table_push_f_cm_np1_ri_bad_3.avi,4
283,push/Baby_Push_Cart_push_f_cm_np1_ri_bad_0.avi,4
284,push/Baby_Push_Cart_push_f_cm_np1_ri_bad_1.avi,4
285,push/Baby_Push_Cart_push_f_cm_np1_ri_bad_2.avi,4
286,push/Box_Pushing_push_f_cm_np1_ri_med_0.avi,4
287,push/Brynley_pushing_Makayla_in_wagon_push_f_cm_np1_ba_bad_2.avi,4
288,push/Brynley_pushing_Makayla_in_wagon_push_f_cm_np1_ba_bad_3.avi,4
289,push/Brynley_pushing_Makayla_in_wagon_push_f_cm_np1_fr_bad_0.avi,4
290,push/Brynley_pushing_Makayla_in_wagon_push_f_cm_np1_ri_bad_1.avi,4
291,push/Cross_Pushing_Table_push_f_cm_np1_ba_bad_2.avi,4
292,push/Cross_Pushing_Table_push_f_cm_np1_fr_bad_1.avi,4
293,push/Cross_Pushing_Table_push_f_cm_np1_fr_bad_3.avi,4
294,push/Cross_Pushing_Table_push_f_cm_np1_fr_bad_7.avi,4
295,push/Cross_Pushing_Table_push_f_cm_np1_ri_bad_4.avi,4
296,push/Cross_Pushing_Table_push_u_cm_np1_fr_bad_5.avi,4
297,push/Cross_Pushing_Table_push_u_cm_np1_fr_bad_6.avi,4
298,push/Cross_Pushing_Table_push_u_cm_np1_fr_med_0.avi,4
299,push/Joel_Pushing_Box_push_f_cm_np1_ba_bad_1.avi,4
300,push/Joel_Pushing_Box_push_f_cm_np1_ri_bad_0.avi,4
301,push/Joshua_pushing_wagon_push_f_cm_np1_le_bad_0.avi,4
302,push/Joshua_pushing_wagon_push_f_cm_np1_ri_bad_1.avi,4
303,push/Neil_pushing_wagon_push_f_cm_np1_fr_bad_3.avi,4
304,push/Neil_pushing_wagon_push_f_cm_np1_fr_bad_4.avi,4
305,push/Neil_pushing_wagon_push_f_cm_np1_fr_bad_5.avi,4
306,push/Neil_pushing_wagon_push_f_cm_np1_le_bad_0.avi,4
307,push/Neil_pushing_wagon_push_f_cm_np1_le_bad_1.avi,4
308,push/Neil_pushing_wagon_push_f_cm_np1_le_bad_2.avi,4
309,push/Push_That_Car!_push_f_cm_np1_ri_med_0.avi,4
310,push/Pushing_train_-_Me_and_my_friend_-_Worlds_strongest_men_push_f_cm_np1_ba_bad_6.avi,4
311,push/Pushing_train_-_Me_and_my_friend_-_Worlds_strongest_men_push_f_cm_np2_ba_bad_4.avi,4
312,push/Pushing_train_-_Me_and_my_friend_-_Worlds_strongest_men_push_f_cm_np2_ba_bad_5.avi,4
313,push/Pushing_train_-_Me_and_my_friend_-_Worlds_strongest_men_push_f_cm_np2_ri_bad_0.avi,4
314,push/Pushing_train_-_Me_and_my_friend_-_Worlds_strongest_men_push_f_cm_np2_ri_bad_1.avi,4
315,push/Pushing_train_-_Me_and_my_friend_-_Worlds_strongest_men_push_f_cm_np2_ri_bad_2.avi,4
316,push/Pushing_wagon_down_dancing_shortened_push_f_cm_np1_fr_bad_0.avi,4
317,push/Pushing_wagon_down_dancing_shortened_push_f_cm_np1_ri_bad_1.avi,4
318,push/Return_of_the_King_10_push_u_cm_np1_le_med_3.avi,4
319,push/TheBoondockSaints_push_u_cm_np1_ba_bad_87.avi,4
320,push/Trevor_pushing_cart_push_f_cm_np1_ri_bad_0.avi,4
321,push/Trevor_pushing_cart_push_f_cm_np1_ri_bad_1.avi,4
322,push/Trevor_pushing_cart_push_f_cm_np1_ri_bad_2.avi,4
323,push/box_pushing_1_push_f_cm_np1_ba_bad_2.avi,4
324,push/box_pushing_1_push_f_cm_np1_le_med_1.avi,4
325,push/box_pushing_1_push_u_cm_np1_fr_bad_0.avi,4
326,push/extreme_table_pushing_push_f_cm_np1_le_bad_1.avi,4
327,push/extreme_table_pushing_push_f_cm_np1_le_bad_2.avi,4
328,push/extreme_table_pushing_push_f_cm_np1_ri_bad_0.avi,4
329,push/extreme_table_pushing_push_f_cm_np1_ri_bad_3.avi,4
330,push/micah_pushing_wagon_push_f_cm_np1_le_bad_0.avi,4
331,push/micah_pushing_wagon_push_f_cm_np1_le_bad_1.avi,4
332,push/micah_pushing_wagon_push_f_cm_np1_le_bad_2.avi,4
333,push/micah_pushing_wagon_push_f_cm_np1_ri_bad_3.avi,4
334,push/micah_pushing_wagon_push_f_cm_np1_ri_bad_4.avi,4
335,push/micah_pushing_wagon_push_f_cm_np1_ri_bad_5.avi,4
336,push/prelinger_LetsBeGo1953_push_f_cm_np1_ba_med_11.avi,4
337,push/pushing_blocks_push_f_nm_np1_le_bad_0.avi,4
338,push/pushing_blocks_push_f_nm_np1_le_bad_1.avi,4
339,push/pushing_blocks_push_f_nm_np1_le_bad_2.avi,4
340,push/pushing_box_around_house_push_f_cm_np1_fr_med_0.avi,4
341,push/pushing_box_around_house_push_f_cm_np1_le_bad_3.avi,4
342,push/pushing_box_around_house_push_f_cm_np1_le_med_2.avi,4
343,push/pushing_box_around_house_push_u_cm_np1_fr_med_1.avi,4
344,push/pushing_box_car_on_train_push_f_cm_np5_ba_bad_0.avi,4
345,push/pushing_box_car_on_train_push_f_cm_np5_ba_bad_1.avi,4
346,push/pushing_cart_push_f_cm_np1_ba_bad_3.avi,4
347,push/pushing_cart_push_f_cm_np1_le_bad_0.avi,4
348,push/pushing_cart_push_f_cm_np1_le_bad_1.avi,4
349,push/pushing_cart_push_f_cm_np1_le_bad_2.avi,4
350,run/20060723sfjffangelina_run_f_nm_np1_ri_med_2.avi,5
351,run/20060723sfjffjewcy_run_f_nm_np1_ba_med_3.avi,5
352,run/20060723sfjffsomelikeitwarmed_run_f_nm_np1_fr_med_6.avi,5
353,run/50_FIRST_DATES_run_f_cm_np1_ba_med_12.avi,5
354,run/50_FIRST_DATES_run_f_cm_np1_ri_med_21.avi,5
355,run/APOCALYPTO_run_u_nm_np1_fr_med_3.avi,5
356,run/A_Beautiful_Mind_4_run_f_cm_np1_ba_med_9.avi,5
357,run/A_Beautiful_Mind_5_run_u_cm_np1_fr_med_7.avi,5
358,run/AmericanGangster_run_f_cm_np1_le_med_18.avi,5
359,run/AmericanGangster_run_u_cm_np1_ri_med_65.avi,5
360,run/AmericanGangster_run_u_nm_np1_ba_med_66.avi,5
361,run/CastAway1_run_f_cm_np1_ri_med_2.avi,5
362,run/CharlieAndTheChocolateFactory_run_f_nm_np1_fr_bad_15.avi,5
363,run/CharlieAndTheChocolateFactory_run_f_nm_np1_le_bad_16.avi,5
364,run/Crash_run_f_cm_np1_fr_med_17.avi,5
365,run/Crash_run_l_cm_np1_fr_med_21.avi,5
366,run/EVOLUTION_run_f_nm_np2_fr_med_25.avi,5
367,run/Faith_Rewarded_run_f_cm_np1_le_med_16.avi,5
368,run/Fellowship_7_run_f_cm_np1_fr_med_4.avi,5
369,run/Fellowship_7_run_f_cm_np1_ri_med_15.avi,5
370,run/HP_PRISONER_OF_AZKABAN_run_f_cm_np1_ba_bad_36.avi,5
371,run/HP_PRISONER_OF_AZKABAN_run_f_cm_np1_le_bad_35.avi,5
372,run/HP_PRISONER_OF_AZKABAN_run_f_nm_np1_fr_med_25.avi,5
373,run/Hitch_Part_2_run_f_nm_np1_fr_med_11.avi,5
374,run/MeettheFockers_run_u_nm_np1_fr_med_13.avi,5
375,run/RATRACE_run_f_cm_np1_ba_med_14.avi,5
376,run/RATRACE_run_f_cm_np1_fr_med_16.avi,5
377,run/RATRACE_run_f_cm_np1_le_bad_24.avi,5
378,run/RATRACE_run_f_nm_np1_ri_med_7.avi,5
379,run/RETURN_OF_THE_KING_run_f_cm_np1_fr_bad_32.avi,5
380,run/RETURN_OF_THE_KING_run_f_cm_np1_ri_bad_6.avi,5
381,run/RETURN_OF_THE_KING_run_f_cm_np1_ri_med_11.avi,5
382,run/RETURN_OF_THE_KING_run_f_nm_np1_ba_med_43.avi,5
383,run/RETURN_OF_THE_KING_run_u_cm_np1_fr_bad_46.avi,5
384,run/Return_of_the_King_4_run_f_cm_np1_ri_med_5.avi,5
385,run/Superbad_run_f_nm_np1_ba_med_2.avi,5
386,run/SweeneyTodd_run_f_nm_np1_ba_bad_32.avi,5
387,run/THE_PROTECTOR_run_f_cm_np1_ba_med_13.avi,5
388,run/THE_PROTECTOR_run_f_cm_np1_ba_med_35.avi,5
389,run/THE_PROTECTOR_run_f_cm_np1_ba_med_44.avi,5
390,run/THE_PROTECTOR_run_f_cm_np1_le_med_15.avi,5
391,run/THE_PROTECTOR_run_f_cm_np1_ri_med_101.avi,5
392,run/THE_PROTECTOR_run_f_nm_np1_fr_med_71.avi,5
393,run/THE_PROTECTOR_run_f_nm_np1_le_med_91.avi,5
394,run/THE_PROTECTOR_run_u_cm_np1_fr_med_88.avi,5
395,run/THE_PROTECTOR_run_u_cm_np1_le_med_1.avi,5
396,run/TheBoondockSaints_run_f_cm_np3_fr_bad_128.avi,5
397,run/TheBoondockSaints_run_u_nm_np1_ba_bad_93.avi,5
398,run/TheLastManOnearth_run_f_cm_np1_ba_med_45.avi,5
399,run/TheLastManOnearth_run_f_cm_np1_fr_med_48.avi,5
400,run/TheLastManOnearth_run_f_cm_np1_le_med_47.avi,5
401,run/TheLastManOnearth_run_f_nm_np1_ba_bad_40.avi,5
402,run/TheLastManOnearth_run_f_nm_np1_fr_med_42.avi,5
403,run/TheLastManOnearth_run_f_nm_np2_fr_med_49.avi,5
404,run/TheLittleShopofHorrors_run_f_cm_np1_fr_bad_13.avi,5
405,run/The_Fugitive_2_run_f_cm_np1_fr_med_1.avi,5
406,run/The_Fugitive_2_run_f_cm_np1_fr_med_20.avi,5
407,run/The_House_on_Haunted_Hill_run_f_cm_np1_le_med_12.avi,5
408,run/The_Matrix_6_run_f_cm_np1_ba_med_1.avi,5
409,run/The_Matrix_6_run_f_cm_np1_fr_med_2.avi,5
410,run/TrumanShow_run_f_cm_np1_ba_med_13.avi,5
411,run/TrumanShow_run_f_nm_np1_ba_med_19.avi,5
412,run/TrumanShow_run_f_nm_np1_ba_med_21.avi,5
413,run/TrumanShow_run_f_nm_np1_le_med_11.avi,5
414,run/Two_Towers_1_run_f_cm_np2_fr_med_4.avi,5
415,run/Two_Towers_1_run_u_cm_np2_fr_bad_6.avi,5
416,run/metacafe_coolsoccer_run_f_cm_np10_le_bad_2.avi,5
417,run/metacafe_coolsoccer_run_f_cm_np3_fr_bad_6.avi,5
418,run/metacafe_coolsoccer_run_f_cm_np6_le_bad_8.avi,5
419,run/nameunknown256kb_run_f_cm_np1_fr_med_3.avi,5
420,sit/50_FIRST_DATES_sit_f_cm_np1_fr_med_24.avi,6
421,sit/50_FIRST_DATES_sit_f_nm_np1_le_med_4.avi,6
422,sit/A_Beautiful_Mind_3_sit_f_cm_np1_fr_med_6.avi,6
423,sit/A_Beautiful_Mind_3_sit_f_cm_np1_le_med_4.avi,6
424,sit/AmericanGangster_sit_f_cm_np1_fr_med_70.avi,6
425,sit/AmericanGangster_sit_f_cm_np1_le_med_43.avi,6
426,sit/AmericanGangster_sit_f_cm_np2_fr_med_59.avi,6
427,sit/AmericanGangster_sit_u_cm_np1_le_med_61.avi,6
428,sit/AmericanGangster_sit_u_cm_np1_ri_bad_10.avi,6
429,sit/AmericanGangster_sit_u_nm_np1_fr_med_29.avi,6
430,sit/American_History_X_sit_f_cm_np1_le_med_27.avi,6
431,sit/American_History_X_sit_u_cm_np1_fr_goo_39.avi,6
432,sit/American_History_X_sit_u_cm_np1_fr_med_6.avi,6
433,sit/American_History_X_sit_u_cm_np1_fr_med_8.avi,6
434,sit/BIG_FISH_sit_f_nm_np1_fr_med_17.avi,6
435,sit/BRIDGETOTERABITHIA_sit_f_nm_np1_fr_med_0.avi,6
436,sit/BRIDGETOTERABITHIA_sit_u_nm_np1_fr_med_4.avi,6
437,sit/Crash_sit_f_cm_np1_fr_med_5.avi,6
438,sit/Crash_sit_u_cm_np1_fr_med_19.avi,6
439,sit/EasternPromises_sit_f_cm_np1_ri_med_3.avi,6
440,sit/EasternPromises_sit_f_nm_np1_fr_med_2.avi,6
441,sit/EasternPromises_sit_f_nm_np1_ri_med_4.avi,6
442,sit/Finding_Forrester_2_sit_u_cm_np1_ri_bad_3.avi,6
443,sit/Finding_Forrester_4_sit_u_cm_np1_fr_med_3.avi,6
444,sit/Finding_Forrester_5_sit_u_cm_np1_fr_med_2.avi,6
445,sit/HP_PRISONER_OF_AZKABAN_sit_f_cm_np1_fr_med_20.avi,6
446,sit/HP_PRISONER_OF_AZKABAN_sit_f_cm_np1_le_bad_16.avi,6
447,sit/HP_PRISONER_OF_AZKABAN_sit_f_cm_np1_le_med_1.avi,6
448,sit/HP_PRISONER_OF_AZKABAN_sit_u_cm_np1_ri_med_10.avi,6
449,sit/Hitch_Part_2_sit_u_cm_np1_le_med_9.avi,6
450,sit/IamLegend_sit_f_cm_np1_fr_med_21.avi,6
451,sit/IamLegend_sit_f_cm_np1_fr_med_24.avi,6
452,sit/IndianaJonesandTheTempleofDoom_sit_u_nm_np1_fr_med_0.avi,6
453,sit/KUNG_FU_HUSTLE_sit_f_nm_np1_fr_med_43.avi,6
454,sit/LONGESTYARD_sit_f_nm_np1_ba_med_29.avi,6
455,sit/LONGESTYARD_sit_u_nm_np1_ba_med_8.avi,6
456,sit/NoCountryForOldMen_sit_f_nm_np1_fr_goo_4.avi,6
457,sit/NoCountryForOldMen_sit_f_nm_np1_ri_med_6.avi,6
458,sit/NoCountryForOldMen_sit_u_nm_np1_fr_goo_1.avi,6
459,sit/Oceans12_sit_h_cm_np1_le_goo_16.avi,6
460,sit/Oceans12_sit_u_cm_np1_le_med_0.avi,6
461,sit/Prelinger_ActYourA1949_sit_u_cm_np1_ri_med_2.avi,6
462,sit/Prelinger_HabitPat1954_sit_u_cm_np1_le_med_8.avi,6
463,sit/Prelinger_LetYours1940_sit_u_nm_np1_fr_med_0.avi,6
464,sit/Shadow_of_a_Doubt_sit_u_cm_np1_fr_med_11.avi,6
465,sit/Sixthsense_sit_u_cm_np1_fr_med_3.avi,6
466,sit/TheLastManOnearth_sit_f_nm_np1_ri_med_51.avi,6
467,sit/TheLastManOnearth_sit_u_nm_np1_ri_med_5.avi,6
468,sit/TheLittleShopofHorrors_sit_f_nm_np1_ri_med_7.avi,6
469,sit/TheLittleShopofHorrors_sit_u_cm_np1_fr_med_4.avi,6
470,sit/ThePerfectScore_sit_u_cm_np1_fr_med_0.avi,6
471,sit/ThePerfectScore_sit_u_cm_np1_fr_med_1.avi,6
472,sit/ThePerfectScore_sit_u_cm_np1_fr_med_2.avi,6
473,sit/The_Departed_-_Part_1_sit_u_nm_np1_fr_med_9.avi,6
474,sit/The_Departed_-_Part_2_sit_u_nm_np1_fr_goo_1.avi,6
475,sit/The_Fugitive_2_sit_f_cm_np1_fr_med_8.avi,6
476,sit/ThreeStories_sit_u_cm_np1_fr_med_1.avi,6
477,sit/TrumanShow_sit_f_nm_np1_le_med_37.avi,6
478,sit/TrumanShow_sit_u_nm_np1_fr_med_14.avi,6
479,sit/Veoh_Alpha_Dog_2_sit_f_nm_np1_fr_med_0.avi,6
480,sit/WhatDreamsMayCome_sit_f_cm_np1_le_bad_3.avi,6
481,sit/WhatDreamsMayCome_sit_f_cm_np1_ri_bad_0.avi,6
482,sit/likebeckam_sit_f_cm_np1_fr_med_26.avi,6
483,sit/likebeckam_sit_f_cm_np1_le_med_28.avi,6
484,sit/likebeckam_sit_f_nm_np1_le_bad_29.avi,6
485,sit/nameunknown256kb_sit_u_nm_np1_fr_med_1.avi,6
486,sit/prelinger_ControlY1950_sit_f_cm_np1_fr_med_1.avi,6
487,sit/prelinger_LetsPlay1949_sit_u_cm_np1_le_med_9.avi,6
488,sit/prideandprejudice1_sit_f_cm_np1_ba_med_5.avi,6
489,sit/prideandprejudice1_sit_f_nm_np1_ri_med_10.avi,6
490,stand/20060723sfjffangelina_stand_f_nm_np1_le_med_0.avi,7
491,stand/20060723sfjffcomeback_stand_u_cm_np1_ba_med_1.avi,7
492,stand/20070723_sfjff_waitingforrescue_stand_f_nm_np1_fr_med_0.avi,7
493,stand/50_FIRST_DATES_stand_u_nm_np1_fr_med_8.avi,7
494,stand/A_Beautiful_Mind_4_stand_f_cm_np1_fr_med_13.avi,7
495,stand/A_Beautiful_Mind_6_stand_u_cm_np1_fr_med_3.avi,7
496,stand/American_History_X_stand_u_cm_np1_fr_med_38.avi,7
497,stand/American_History_X_stand_u_cm_np1_le_med_41.avi,7
498,stand/BATMAN_BEGINS_stand_f_cm_np1_fr_med_8.avi,7
499,stand/BRIDGETOTERABITHIA_stand_f_nm_np1_fr_med_1.avi,7
500,stand/CharlieAndTheChocolateFactory_stand_f_nm_np1_fr_med_17.avi,7
501,stand/DONNIE_DARKO_stand_f_nm_np1_ri_med_2.avi,7
502,stand/DONNIE_DARKO_stand_u_nm_np1_fr_med_3.avi,7
503,stand/EVOLUTION_stand_f_cm_np1_ri_med_10.avi,7
504,stand/EVOLUTION_stand_f_nm_np1_le_med_15.avi,7
505,stand/Fellowship_3_stand_f_cm_np1_fr_bad_2.avi,7
506,stand/Fellowship_4_stand_f_cm_np1_fr_med_3.avi,7
507,stand/Finding_Forrester_1_stand_u_cm_np1_le_bad_10.avi,7
508,stand/GoneBabyGone_stand_f_cm_np1_fr_med_0.avi,7
509,stand/Gossip1953256kb_stand_f_cm_np1_le_med_0.avi,7
510,stand/HP_PRISONER_OF_AZKABAN_stand_f_cm_np1_fr_bad_11.avi,7
511,stand/HP_PRISONER_OF_AZKABAN_stand_f_cm_np1_fr_med_4.avi,7
512,stand/HP_PRISONER_OF_AZKABAN_stand_f_cm_np1_le_bad_38.avi,7
513,stand/Hitch_Part_1_stand_f_cm_np1_fr_med_6.avi,7
514,stand/IamLegend_stand_f_cm_np1_fr_bad_27.avi,7
515,stand/IamLegend_stand_f_nm_np1_fr_med_20.avi,7
516,stand/IndianaJonesandTheTempleofDoom_stand_f_nm_np1_ri_med_3.avi,7
517,stand/KUNG_FU_HUSTLE_stand_u_cm_np1_fr_med_34.avi,7
518,stand/Man_Who_Cheated_Himself_512kb_stand_u_cm_np1_fr_med_11.avi,7
519,stand/Man_Who_Cheated_Himself_512kb_stand_u_nm_np1_ba_med_7.avi,7
520,stand/Narcotic1967256kb_stand_f_cm_np1_le_med_1.avi,7
521,stand/Narcotic1967256kb_stand_f_nm_np1_fr_med_2.avi,7
522,stand/Oceans12_stand_u_cm_np1_fr_med_13.avi,7
523,stand/OldSchool_stand_f_nm_np1_fr_med_21.avi,7
524,stand/OldSchool_stand_u_cm_np1_fr_med_18.avi,7
525,stand/Panic_in_the_Streets_stand_u_cm_np1_ri_med_2.avi,7
526,stand/Prelinger_ActYourA1949_stand_f_cm_np1_fr_med_17.avi,7
527,stand/Prelinger_HabitPat1954_stand_f_nm_np1_ba_med_12.avi,7
528,stand/Prelinger_LetYours1940_stand_f_nm_np1_fr_med_4.avi,7
529,stand/Return_of_the_King_1_stand_f_cm_np1_fr_med_5.avi,7
530,stand/Shadow_of_a_Doubt_stand_u_cm_np1_fr_med_3.avi,7
531,stand/Shadow_of_a_Doubt_stand_u_cm_np1_fr_med_4.avi,7
532,stand/SweeneyTodd_stand_f_cm_np1_le_med_10.avi,7
533,stand/SweeneyTodd_stand_f_cm_np1_ri_med_33.avi,7
534,stand/SweeneyTodd_stand_f_nm_np1_fr_bad_11.avi,7
535,stand/SweeneyTodd_stand_f_nm_np1_fr_bad_24.avi,7
536,stand/SweeneyTodd_stand_f_nm_np1_ri_bad_13.avi,7
537,stand/SweeneyTodd_stand_u_cm_np1_fr_bad_38.avi,7
538,stand/THE_PROTECTOR_stand_f_cm_np1_fr_med_23.avi,7
539,stand/THE_PROTECTOR_stand_f_nm_np1_le_med_62.avi,7
540,stand/TheBigBangS01E01Pilot_stand_f_cm_np1_ri_med_1.avi,7
541,stand/TheBoondockSaints_stand_f_cm_np1_fr_med_112.avi,7
542,stand/TheBoondockSaints_stand_f_cm_np1_fr_med_59.avi,7
543,stand/TheBoondockSaints_stand_f_cm_np1_fr_med_60.avi,7
544,stand/TheBoondockSaints_stand_u_cm_np1_fr_bad_45.avi,7
545,stand/TheBoondockSaints_stand_u_cm_np3_fr_med_101.avi,7
546,stand/TheBoondockSaints_stand_u_nm_np1_fr_med_111.avi,7
547,stand/TheLastManOnearth_stand_f_nm_np1_fr_med_24.avi,7
548,stand/Veoh_Alpha_Dog_1_stand_f_nm_np1_fr_med_41.avi,7
549,stand/happy_go_lovely_stand_f_cm_np1_fr_med_19.avi,7
550,stand/happy_go_lovely_stand_u_cm_np1_fr_bad_14.avi,7
551,stand/happy_go_lovely_stand_u_nm_np1_fr_med_9.avi,7
552,stand/happy_go_lovely_stand_u_nm_np1_ri_bad_8.avi,7
553,stand/jonhs_netfreemovies_holygrail_stand_u_nm_np1_fr_bad_15.avi,7
554,stand/likebeckam_stand_f_nm_np1_fr_med_7.avi,7
555,stand/likebeckam_stand_u_nm_np1_fr_goo_33.avi,7
556,stand/prelinger_ControlY1950_stand_f_cm_np1_fr_med_2.avi,7
557,stand/prelinger_ControlY1950_stand_u_cm_np1_fr_med_0.avi,7
558,stand/prelinger_LetsBeGo1953_stand_u_nm_np10_ba_med_4.avi,7
559,stand/prideandprejudice1_stand_u_nm_np1_fr_med_11.avi,7
560,turn/21_turn_h_cm_np1_fr_goo_12.avi,8
561,turn/21_turn_h_nm_np1_fr_goo_14.avi,8
562,turn/21_turn_h_nm_np1_fr_goo_4.avi,8
563,turn/50_FIRST_DATES_turn_f_cm_np1_fr_med_11.avi,8
564,turn/50_FIRST_DATES_turn_f_nm_np1_le_bad_9.avi,8
565,turn/A_Beautiful_Mind_2_turn_h_cm_np1_ri_med_5.avi,8
566,turn/A_Beautiful_Mind_2_turn_u_cm_np1_fr_goo_1.avi,8
567,turn/A_Beautiful_Mind_2_turn_u_cm_np2_ba_med_4.avi,8
568,turn/A_Beautiful_Mind_5_turn_h_cm_np1_fr_goo_9.avi,8
569,turn/A_Beautiful_Mind_5_turn_u_cm_np1_le_med_2.avi,8
570,turn/AgentCodyBanks_turn_h_cm_np1_ba_goo_8.avi,8
571,turn/AgentCodyBanks_turn_h_nm_np1_fr_med_2.avi,8
572,turn/AgentCodyBanks_turn_u_cm_np1_le_med_7.avi,8
573,turn/HP_PRISONER_OF_AZKABAN_turn_u_nm_np1_fr_med_21.avi,8
574,turn/LONGESTYARD_turn_u_nm_np1_ba_med_11.avi,8
575,turn/LivefreeorDieHard_turn_u_cm_np1_le_goo_2.avi,8
576,turn/NOVA_ELEGANTUNIVERSE2_turn_f_nm_np1_ba_med_1.avi,8
577,turn/Oceans11_turn_h_cm_np1_ba_med_11.avi,8
578,turn/Oceans11_turn_h_nm_np1_le_goo_10.avi,8
579,turn/Oceans12_turn_h_nm_np1_ba_med_3.avi,8
580,turn/Oceans12_turn_h_nm_np1_le_med_2.avi,8
581,turn/OldSchool_turn_u_cm_np1_le_med_19.avi,8
582,turn/Pirates_2_turn_h_cm_np1_fr_goo_2.avi,8
583,turn/Pirates_4_turn_h_nm_np1_ba_med_1.avi,8
584,turn/Pirates_5_turn_h_nm_np1_ba_goo_9.avi,8
585,turn/Pirates_5_turn_h_nm_np1_fr_goo_13.avi,8
586,turn/Pirates_7_turn_h_nm_np2_fr_med_0.avi,8
587,turn/RATRACE_turn_h_nm_np1_ba_med_32.avi,8
588,turn/RATRACE_turn_u_nm_np1_fr_med_4.avi,8
589,turn/Sixthsense_turn_f_nm_np1_ba_med_6.avi,8
590,turn/Sixthsense_turn_u_cm_np1_ba_med_0.avi,8
591,turn/SoundAndTheStory_turn_f_nm_np1_le_med_2.avi,8
592,turn/SoundAndTheStory_turn_u_nm_np1_ba_med_1.avi,8
593,turn/SweeneyTodd_turn_h_nm_np1_ba_med_37.avi,8
594,turn/SweeneyTodd_turn_h_nm_np1_fr_goo_30.avi,8
595,turn/SweeneyTodd_turn_h_nm_np1_le_bad_5.avi,8
596,turn/TheBigBangS01E01Pilot_turn_u_nm_np1_ba_med_3.avi,8
597,turn/TheBoondockSaints_turn_f_nm_np1_le_med_22.avi,8
598,turn/TheBoondockSaints_turn_u_cm_np1_ba_med_9.avi,8
599,turn/TheBoondockSaints_turn_u_cm_np1_ri_med_91.avi,8
600,turn/TheBoondockSaints_turn_u_nm_np1_fr_med_27.avi,8
601,turn/TheLittleShopofHorrors_turn_h_nm_np1_fr_med_11.avi,8
602,turn/TheLittleShopofHorrors_turn_u_cm_np1_ba_med_2.avi,8
603,turn/ThePerfectScore_turn_u_nm_np1_ba_med_6.avi,8
604,turn/The_Fugitive_2_turn_h_cm_np1_ba_med_14.avi,8
605,turn/The_Fugitive_2_turn_h_nm_np1_fr_goo_7.avi,8
606,turn/The_Fugitive_2_turn_u_cm_np1_fr_med_10.avi,8
607,turn/The_Fugitive_2_turn_u_nm_np1_ba_goo_18.avi,8
608,turn/The_Fugitive_2_turn_u_nm_np1_ba_med_9.avi,8
609,turn/The_Fugitive_2_turn_u_nm_np1_le_goo_0.avi,8
610,turn/The_Matrix_Revolutions_4_turn_u_nm_np3_ba_med_0.avi,8
611,turn/TrumanShow_turn_u_nm_np1_ba_goo_16.avi,8
612,turn/UNREPEATABLE_turn_f_nm_np1_le_med_1.avi,8
613,turn/UNREPEATABLE_turn_f_nm_np1_le_med_2.avi,8
614,turn/UNREPEATABLE_turn_u_nm_np1_ri_med_4.avi,8
615,turn/Veoh_Alpha_Dog_1_turn_h_nm_np1_le_goo_1.avi,8
616,turn/Veoh_Alpha_Dog_1_turn_u_nm_np1_ba_med_2.avi,8
617,turn/Veoh_Alpha_Dog_1_turn_u_nm_np1_ri_med_22.avi,8
618,turn/WeddingCrashers_turn_h_nm_np1_fr_goo_18.avi,8
619,turn/WeddingCrashers_turn_h_nm_np1_fr_goo_21.avi,8
620,turn/WeddingCrashers_turn_h_nm_np1_fr_med_3.avi,8
621,turn/WeddingCrashers_turn_u_nm_np1_fr_med_9.avi,8
622,turn/WhatDreamsMayCome_turn_u_cm_np1_ba_med_2.avi,8
623,turn/americanthrift2_turn_u_cm_np1_fr_med_0.avi,8
624,turn/eddieizzardcircle_turn_f_nm_np1_ri_med_4.avi,8
625,turn/eddieizzardcircle_turn_f_nm_np1_ri_med_6.avi,8
626,turn/eddieizzardcircle_turn_u_cm_np1_le_med_7.avi,8
627,turn/happy_go_lovely_turn_u_nm_np1_fr_med_12.avi,8
628,turn/nameunknown256kb_turn_u_nm_np1_le_med_0.avi,8
629,turn/prideandprejudice1_turn_f_nm_np1_ba_med_1.avi,8
630,walk/20060723sfjffcookies_walk_u_nm_np1_fr_med_0.avi,9
631,walk/20060723sfjffkillerskiss_walk_f_cm_np1_fr_med_1.avi,9
632,walk/20060723sfjffschmoozer_walk_f_cm_np2_ri_med_0.avi,9
633,walk/20060723sfjffsomelikeitwarmed_walk_f_cm_np1_ba_med_0.avi,9
634,walk/21_walk_h_cm_np1_fr_med_10.avi,9
635,walk/21_walk_u_cm_np1_fr_bad_3.avi,9
636,walk/50_FIRST_DATES_walk_f_cm_np1_le_med_33.avi,9
637,walk/50_FIRST_DATES_walk_f_cm_np1_ri_med_31.avi,9
638,walk/50_FIRST_DATES_walk_u_nm_np1_ba_med_27.avi,9
639,walk/AMADEUS_walk_u_nm_np1_le_med_12.avi,9
640,walk/A_Beautiful_Mind_6_walk_f_cm_np1_ba_med_7.avi,9
641,walk/A_Beautiful_Mind_6_walk_u_cm_np1_fr_med_1.avi,9
642,walk/AgentCodyBanks_walk_u_cm_np1_fr_med_10.avi,9
643,walk/AgriculturalAviation_walk_f_nm_np1_le_med_1.avi,9
644,walk/BLACK_HAWK_DOWN_walk_f_nm_np1_le_med_7.avi,9
645,walk/BRIDGETOTERABITHIA_walk_u_nm_np1_fr_med_5.avi,9
646,walk/BuddhaPainter_walk_u_cm_np1_ba_bad_0.avi,9
647,walk/CharlieAndTheChocolateFactory_walk_f_nm_np1_le_med_27.avi,9
648,walk/EVOLUTION_walk_f_cm_np1_fr_med_23.avi,9
649,walk/Hitch_Part_2_walk_f_nm_np1_fr_med_6.avi,9
650,walk/Juno_walk_f_cm_np1_fr_med_8.avi,9
651,walk/KUNG_FU_HUSTLE_walk_f_nm_np1_le_med_29.avi,9
652,walk/Man_Who_Cheated_Himself_512kb_walk_f_nm_np1_fr_bad_14.avi,9
653,walk/MeettheParents_walk_u_cm_np1_fr_med_8.avi,9
654,walk/NOVA_ELEGANTUNIVERSE2_walk_f_nm_np1_ba_med_0.avi,9
655,walk/NOVA_ELEGANTUNIVERSE2_walk_u_nm_np1_ri_med_3.avi,9
656,walk/Oceans11_walk_f_cm_np1_fr_med_6.avi,9
657,walk/Oceans12_walk_u_cm_np1_fr_med_10.avi,9
658,walk/OldSchool_walk_f_cm_np1_le_med_1.avi,9
659,walk/OldSchool_walk_f_nm_np1_ri_med_0.avi,9
660,walk/Prelinger_FamilyLi1949_walk_u_cm_np1_le_med_6.avi,9
661,walk/RETURN_OF_THE_KING_walk_f_cm_np1_ba_med_3.avi,9
662,walk/SchoolRulesHowTheyHelpUs_walk_f_cm_np1_fr_med_2.avi,9
663,walk/StrangerThanFiction_walk_f_nm_np1_fr_med_2.avi,9
664,walk/THE_PROTECTOR_walk_f_cm_np1_ba_med_27.avi,9
665,walk/THE_PROTECTOR_walk_f_nm_np1_ri_med_60.avi,9
666,walk/TheBoondockSaints_walk_f_cm_np1_ba_med_23.avi,9
667,walk/TheBoondockSaints_walk_f_nm_np1_fr_med_21.avi,9
668,walk/TheBoondockSaints_walk_f_nm_np2_fr_med_54.avi,9
669,walk/TheBoondockSaints_walk_h_cm_np2_ba_med_8.avi,9
670,walk/TheBoondockSaints_walk_u_cm_np1_fr_bad_119.avi,9
671,walk/TheBoondockSaints_walk_u_cm_np1_fr_bad_92.avi,9
672,walk/TheBoondockSaints_walk_u_cm_np1_le_med_25.avi,9
673,walk/TheBoondockSaints_walk_u_cm_np1_ri_bad_126.avi,9
674,walk/TheBoondockSaints_walk_u_cm_np1_ri_med_26.avi,9
675,walk/TheBoondockSaints_walk_u_cm_np2_le_med_17.avi,9
676,walk/TheLastManOnearth_walk_f_cm_np1_ba_med_25.avi,9
677,walk/TheLastManOnearth_walk_f_cm_np1_ba_med_27.avi,9
678,walk/TheLastManOnearth_walk_f_cm_np1_fr_med_36.avi,9
679,walk/TheLastManOnearth_walk_f_cm_np1_ri_med_2.avi,9
680,walk/TheLastManOnearth_walk_f_nm_np1_ba_med_26.avi,9
681,walk/TheLastManOnearth_walk_f_nm_np1_fr_med_21.avi,9
682,walk/TheLastManOnearth_walk_f_nm_np1_fr_med_53.avi,9
683,walk/ThePerfectScore_walk_u_nm_np1_fr_med_9.avi,9
684,walk/The_Fugitive_2_walk_f_cm_np5_fr_med_21.avi,9
685,walk/The_Fugitive_2_walk_u_cm_np1_fr_med_13.avi,9
686,walk/The_Fugitive_3_walk_f_cm_np1_ba_bad_0.avi,9
687,walk/The_House_on_Haunted_Hill_walk_f_cm_np1_fr_med_18.avi,9
688,walk/The_House_on_Haunted_Hill_walk_f_nm_np1_fr_med_20.avi,9
689,walk/The_House_on_Haunted_Hill_walk_u_cm_np1_fr_med_14.avi,9
690,walk/The_House_on_Haunted_Hill_walk_u_cm_np1_ri_med_6.avi,9
691,walk/The_Matrix_Revolutions_6_walk_f_nm_np5_ba_med_8.avi,9
692,walk/TrumanShow_walk_f_cm_np1_ba_med_17.avi,9
693,walk/TrumanShow_walk_f_cm_np1_le_med_2.avi,9
694,walk/TrumanShow_walk_f_cm_np1_ri_med_36.avi,9
695,walk/happy_go_lovely_walk_f_nm_np1_fr_med_18.avi,9
696,walk/happy_go_lovely_walk_u_cm_np1_ri_med_7.avi,9
697,walk/likebeckam_walk_f_cm_np1_ri_med_31.avi,9
698,walk/prelinger_LetsPlay1949_walk_f_nm_np1_le_med_10.avi,9
699,walk/prelinger_they_grow_up_so_fast_1_walk_f_cm_np1_le_med_3.avi,9
700,wave/21_wave_u_nm_np1_fr_goo_5.avi,10
701,wave/50_FIRST_DATES_wave_f_cm_np1_fr_med_0.avi,10
702,wave/50_FIRST_DATES_wave_u_cm_np1_fr_goo_30.avi,10
703,wave/50_FIRST_DATES_wave_u_cm_np1_fr_med_1.avi,10
704,wave/50_FIRST_DATES_wave_u_cm_np1_fr_med_36.avi,10
705,wave/A_Beautiful_Mind_2_wave_u_cm_np1_ri_med_3.avi,10
706,wave/Abschieds-winken_!!!!!!_Gruss_Guido_wave_u_cm_np1_fr_bad_0.avi,10
707,wave/Abschieds-winken_!!!!!!_Gruss_Guido_wave_u_cm_np1_fr_bad_1.avi,10
708,wave/AllThePresidentMen_wave_h_nm_np1_fr_med_6.avi,10
709,wave/AmericanGangster_wave_u_cm_np1_fr_med_57.avi,10
710,wave/BIG_FISH_wave_u_nm_np1_fr_bad_4.avi,10
711,wave/BIG_FISH_wave_u_nm_np1_fr_goo_10.avi,10
712,wave/BIG_FISH_wave_u_nm_np1_fr_goo_9.avi,10
713,wave/BIG_FISH_wave_u_nm_np1_le_goo_28.avi,10
714,wave/BLACK_HAWK_DOWN_wave_u_nm_np1_ba_goo_19.avi,10
715,wave/BuddhaPainter_wave_u_nm_np1_fr_med_1.avi,10
716,wave/CastAway1_wave_u_cm_np1_ri_med_4.avi,10
717,wave/CharlieAndTheChocolateFactory_wave_u_nm_np1_fr_bad_1.avi,10
718,wave/CharlieAndTheChocolateFactory_wave_u_nm_np1_fr_med_2.avi,10
719,wave/CharlieAndTheChocolateFactory_wave_u_nm_np2_fr_goo_18.avi,10
720,wave/Chris_Benoit_waving_goodbye_wave_u_nm_np1_fr_med_0.avi,10
721,wave/Chris_Benoit_waving_goodbye_wave_u_nm_np1_fr_med_1.avi,10
722,wave/Crash_wave_u_cm_np1_ba_med_13.avi,10
723,wave/EVOLUTION_wave_u_cm_np1_fr_med_4.avi,10
724,wave/EVOLUTION_wave_u_nm_np1_fr_med_18.avi,10
725,wave/EVOLUTION_wave_u_nm_np1_le_med_3.avi,10
726,wave/Glory_wave_u_nm_np6_fr_med_33.avi,10
727,wave/Hitch_Part_2_wave_h_nm_np1_fr_goo_12.avi,10
728,wave/IndianaJonesandTheTempleofDoom_wave_h_nm_np1_fr_med_2.avi,10
729,wave/KUNG_FU_HUSTLE_wave_f_nm_np1_fr_med_7.avi,10
730,wave/L_cheln_Und_Winken_wave_h_cm_np1_fr_med_0.avi,10
731,wave/L_cheln_Und_Winken_wave_h_cm_np1_fr_med_1.avi,10
732,wave/MUSE_Wave_Goodbye_in_Wembley_wave_u_cm_np3_fr_med_1.avi,10
733,wave/MUSE_Wave_Goodbye_in_Wembley_wave_u_nm_np3_fr_med_0.avi,10
734,wave/Maddin_winkt_wave_h_cm_np1_fr_med_1.avi,10
735,wave/Maddin_winkt_wave_h_cm_np1_le_med_0.avi,10
736,wave/Maya_beim_Winken_wave_f_cm_np1_fr_med_0.avi,10
737,wave/Maya_beim_Winken_wave_f_cm_np1_fr_med_1.avi,10
738,wave/Maya_beim_Winken_wave_f_cm_np1_fr_med_2.avi,10
739,wave/Newall_Green_High_Students_Waving_Goodbye_wave_u_cm_np1_fr_bad_2.avi,10
740,wave/Newall_Green_High_Students_Waving_Goodbye_wave_u_cm_np1_fr_med_0.avi,10
741,wave/Newall_Green_High_Students_Waving_Goodbye_wave_u_cm_np3_fr_med_1.avi,10
742,wave/Oceans12_wave_h_nm_np1_fr_goo_8.avi,10
743,wave/Poldi_beim_Spiel_Deutschland_Schweden_16_8_wave_u_cm_np1_ri_med_0.avi,10
744,wave/RATRACE_wave_f_nm_np1_fr_goo_37.avi,10
745,wave/RATRACE_wave_f_nm_np1_fr_med_21.avi,10
746,wave/RATRACE_wave_f_nm_np1_ri_med_10.avi,10
747,wave/RATRACE_wave_u_cm_np1_fr_med_6.avi,10
748,wave/RATRACE_wave_u_nm_np1_fr_med_27.avi,10
749,wave/RATRACE_wave_u_nm_np1_fr_med_34.avi,10
750,wave/RATRACE_wave_u_nm_np1_fr_med_9.avi,10
751,wave/Song_I_Can_Wave_My_Hands_-_Cullen_s_Abc_s_wave_u_cm_np1_fr_med_0.avi,10
752,wave/Song_I_Can_Wave_My_Hands_-_Cullen_s_Abc_s_wave_u_cm_np1_fr_med_1.avi,10
753,wave/Song_I_Can_Wave_My_Hands_-_Cullen_s_Abc_s_wave_u_cm_np1_fr_med_2.avi,10
754,wave/UNREPEATABLE_wave_f_nm_np1_fr_med_5.avi,10
755,wave/We_Wave_-_Premiere_wave_f_cm_np2_fr_med_0.avi,10
756,wave/Wie_man_winkt!!_wave_u_cm_np1_fr_med_0.avi,10
757,wave/_I_ll_Just_Wave_My_Hand__sung_by_Cornerstone_Male_Choir_wave_u_cm_np1_fr_med_0.avi,10
758,wave/_I_ll_Just_Wave_My_Hand__sung_by_Cornerstone_Male_Choir_wave_u_cm_np1_fr_med_1.avi,10
759,wave/_I_ll_Just_Wave_My_Hand__sung_by_Cornerstone_Male_Choir_wave_u_cm_np1_fr_med_2.avi,10
760,wave/eddieizzardcircle_wave_u_nm_np1_ri_med_8.avi,10
761,wave/likebeckam_wave_u_cm_np1_fr_med_6.avi,10
762,wave/likebeckam_wave_u_cm_np1_le_med_20.avi,10
763,wave/prelinger_LetsBeGo1953_wave_u_cm_np10_ba_med_2.avi,10
764,wave/prelinger_LetsBeGo1953_wave_u_cm_np10_ba_med_3.avi,10
765,wave/prideandprejudice1_wave_f_nm_np1_ri_med_14.avi,10
766,wave/veoh_harold_and_kumar_wave_u_nm_np1_fr_goo_5.avi,10
767,wave/wave_and_say_hi_wave_u_nm_np1_fr_med_0.avi,10
768,wave/winKen_wave_u_cm_np1_ba_bad_0.avi,10
769,wave/winKen_wave_u_cm_np1_ri_bad_1.avi,10
